frame,t_sec,u0,u1,u2,u3,u4,u5
0,0.000000,0.089251,0.773956,0.654571,0.438878,0.433015,0.858598
1,0.016667,0.088841,0.772520,0.646004,0.432200,0.434732,0.861194
2,0.033333,0.087772,0.770783,0.635511,0.423757,0.436754,0.865002
3,0.050000,0.086115,0.768767,0.623251,0.413704,0.439057,0.869901
4,0.066667,0.083944,0.766498,0.609381,0.402193,0.441619,0.875772
5,0.083333,0.081332,0.763999,0.594059,0.389379,0.444419,0.882493
6,0.100000,0.078352,0.761294,0.577444,0.375414,0.447434,0.889946
7,0.116667,0.075076,0.758408,0.559693,0.360452,0.450641,0.898009
8,0.133333,0.071577,0.755364,0.540965,0.344646,0.454020,0.906563
9,0.150000,0.067929,0.752187,0.521417,0.328151,0.457546,0.915487
10,0.166667,0.064205,0.748901,0.501208,0.311119,0.461199,0.924661
11,0.183333,0.060476,0.745530,0.480495,0.293705,0.464956,0.933965
12,0.200000,0.056817,0.742098,0.459437,0.276060,0.468794,0.943280
13,0.216667,0.053301,0.738629,0.438191,0.258340,0.472691,0.952483
14,0.233333,0.049999,0.735147,0.416916,0.240697,0.476626,0.961457
15,0.250000,0.046985,0.731676,0.395770,0.223285,0.480575,0.970079
16,0.266667,0.044333,0.728241,0.374910,0.206257,0.484517,0.978231
17,0.283333,0.042114,0.724866,0.354495,0.189767,0.488430,0.985792
18,0.300000,0.040402,0.721574,0.334683,0.173969,0.492291,0.992642
19,0.316667,0.039270,0.718389,0.315632,0.159015,0.496077,0.998660
20,0.333333,0.038791,0.715337,0.297499,0.145060,0.499768,1.000000
21,0.350000,0.039038,0.712440,0.280443,0.132256,0.503339,1.000000
22,0.366667,0.040083,0.709724,0.264622,0.120758,0.506770,1.000000
23,0.383333,0.041999,0.707212,0.250194,0.110719,0.510038,1.000000
24,0.400000,0.044860,0.704928,0.237316,0.102291,0.513121,1.000000
25,0.416667,0.048739,0.702896,0.226148,0.095629,0.515996,1.000000
26,0.433333,0.053708,0.701141,0.216846,0.090887,0.518641,1.000000
27,0.450000,0.059840,0.699687,0.209570,0.088217,0.521034,1.000000
28,0.466667,0.067208,0.698557,0.204476,0.087773,0.523153,0.995585
29,0.483333,0.075886,0.697776,0.201723,0.089709,0.524975,0.986680
30,0.500000,0.085946,0.697368,0.201469,0.094177,0.526479,0.975622
31,0.516667,0.097727,0.697509,0.203970,0.101691,0.527870,0.961510
32,0.533333,0.111434,0.698321,0.209251,0.112500,0.529352,0.943715
33,0.550000,0.126931,0.699746,0.217120,0.126366,0.530904,0.922527
34,0.566667,0.144087,0.701728,0.227391,0.143052,0.532501,0.898238
35,0.583333,0.162768,0.704209,0.239873,0.162318,0.534120,0.871136
36,0.600000,0.182841,0.707132,0.254378,0.183928,0.535737,0.841512
37,0.616667,0.204172,0.710440,0.270716,0.207641,0.537329,0.809656
38,0.633333,0.226628,0.714075,0.288699,0.233221,0.538873,0.775858
39,0.650000,0.250077,0.717981,0.308136,0.260429,0.540346,0.740409
40,0.666667,0.274384,0.722100,0.328839,0.289028,0.541723,0.703597
41,0.683333,0.299418,0.726374,0.350619,0.318778,0.542981,0.665714
42,0.700000,0.325043,0.730748,0.373287,0.349441,0.544098,0.627050
43,0.716667,0.351128,0.735163,0.396653,0.380780,0.545049,0.587893
44,0.733333,0.377539,0.739563,0.420529,0.412556,0.545811,0.548535
45,0.750000,0.404143,0.743889,0.444725,0.444531,0.546362,0.509266
46,0.766667,0.430806,0.748086,0.469052,0.476467,0.546676,0.470376
47,0.783333,0.457396,0.752095,0.493321,0.508125,0.546731,0.432154
48,0.800000,0.483779,0.755860,0.517343,0.539268,0.546504,0.394891
49,0.816667,0.509822,0.759323,0.540928,0.569657,0.545972,0.358877
50,0.833333,0.535391,0.762426,0.563888,0.599054,0.545109,0.324402
51,0.850000,0.560354,0.765114,0.586033,0.627221,0.543895,0.291756
52,0.866667,0.584578,0.767329,0.607175,0.653920,0.542304,0.261230
53,0.883333,0.607929,0.769013,0.627124,0.678912,0.540313,0.233112
54,0.900000,0.630273,0.770109,0.645691,0.701959,0.537900,0.207694
55,0.916667,0.651478,0.770560,0.662686,0.722824,0.535040,0.185265
56,0.933333,0.671411,0.770309,0.677922,0.741267,0.531710,0.166116
57,0.950000,0.689938,0.769299,0.691208,0.757050,0.527888,0.150536
58,0.966667,0.706926,0.767472,0.702355,0.769937,0.523548,0.138815
59,0.983333,0.722242,0.764771,0.711174,0.779687,0.518669,0.131245
60,1.000000,0.735752,0.761140,0.717477,0.786064,0.513227,0.128114
61,1.016667,0.747806,0.756343,0.721594,0.788999,0.506775,0.129786
62,1.033333,0.758871,0.750252,0.724043,0.788730,0.498960,0.136216
63,1.050000,0.768987,0.742964,0.724920,0.785475,0.489894,0.147078
64,1.066667,0.778199,0.734575,0.724320,0.779454,0.479688,0.162047
65,1.083333,0.786548,0.725185,0.722337,0.770887,0.468456,0.180796
66,1.100000,0.794078,0.714891,0.719066,0.759993,0.456309,0.203002
67,1.116667,0.800831,0.703790,0.714601,0.746991,0.443361,0.228338
68,1.133333,0.806850,0.691979,0.709038,0.732101,0.429723,0.256479
69,1.150000,0.812177,0.679558,0.702471,0.715542,0.415507,0.287099
70,1.166667,0.816855,0.666622,0.694994,0.697534,0.400827,0.319874
71,1.183333,0.820926,0.653271,0.686703,0.678295,0.385793,0.354479
72,1.200000,0.824434,0.639601,0.677692,0.658046,0.370520,0.390587
73,1.216667,0.827420,0.625710,0.668055,0.637005,0.355118,0.427873
74,1.233333,0.829928,0.611696,0.657889,0.615392,0.339701,0.466012
75,1.250000,0.831999,0.597656,0.647286,0.593426,0.324380,0.504679
76,1.266667,0.833678,0.583688,0.636343,0.571327,0.309268,0.543549
77,1.283333,0.835006,0.569890,0.625153,0.549315,0.294478,0.582295
78,1.300000,0.836025,0.556360,0.613811,0.527607,0.280121,0.620593
79,1.316667,0.836780,0.543194,0.602412,0.506425,0.266310,0.658117
80,1.333333,0.837311,0.530491,0.591051,0.485987,0.253157,0.694542
81,1.350000,0.837662,0.518349,0.579823,0.466512,0.240775,0.729543
82,1.366667,0.837876,0.506864,0.568822,0.448220,0.229276,0.762793
83,1.383333,0.837995,0.496134,0.558142,0.431331,0.218772,0.793969
84,1.400000,0.838061,0.486258,0.547879,0.416063,0.209376,0.822744
85,1.416667,0.838118,0.477333,0.538127,0.402637,0.201200,0.848793
86,1.433333,0.838208,0.469456,0.528982,0.391270,0.194356,0.871792
87,1.450000,0.838373,0.462725,0.520536,0.382184,0.188957,0.891413
88,1.466667,0.838656,0.457238,0.512887,0.375597,0.185114,0.907333
89,1.483333,0.839101,0.453093,0.506127,0.371729,0.182941,0.919225
90,1.500000,0.839748,0.450386,0.500352,0.370798,0.182550,0.926765
91,1.516667,0.840481,0.449310,0.495345,0.372744,0.183855,0.930564
92,1.533333,0.841145,0.449909,0.490802,0.377241,0.186645,0.931552
93,1.550000,0.841726,0.452058,0.486687,0.384112,0.190840,0.929884
94,1.566667,0.842214,0.455634,0.482961,0.393182,0.196362,0.925714
95,1.583333,0.842596,0.460514,0.479589,0.404273,0.203130,0.919196
96,1.600000,0.842858,0.466573,0.476534,0.417210,0.211065,0.910483
97,1.616667,0.842990,0.473687,0.473758,0.431816,0.220088,0.899730
98,1.633333,0.842978,0.481733,0.471226,0.447915,0.230119,0.887090
99,1.650000,0.842811,0.490587,0.468899,0.465330,0.241080,0.872719
100,1.666667,0.842476,0.500125,0.466742,0.483885,0.252891,0.856768
101,1.683333,0.841961,0.510223,0.464717,0.503404,0.265473,0.839394
102,1.700000,0.841253,0.520758,0.462788,0.523710,0.278745,0.820749
103,1.716667,0.840341,0.531605,0.460917,0.544626,0.292630,0.800987
104,1.733333,0.839211,0.542641,0.459069,0.565977,0.307048,0.780263
105,1.750000,0.837852,0.553743,0.457205,0.587587,0.321918,0.758730
106,1.766667,0.836251,0.564785,0.455290,0.609278,0.337163,0.736543
107,1.783333,0.834396,0.575644,0.453286,0.630874,0.352702,0.713855
108,1.800000,0.832275,0.586198,0.451157,0.652199,0.368457,0.690820
109,1.816667,0.829875,0.596321,0.448865,0.673077,0.384347,0.667593
110,1.833333,0.827184,0.605890,0.446375,0.693331,0.400295,0.644327
111,1.850000,0.824190,0.614781,0.443648,0.712785,0.416219,0.621176
112,1.866667,0.820881,0.622870,0.440649,0.731262,0.432042,0.598295
113,1.883333,0.817243,0.630034,0.437340,0.748587,0.447683,0.575837
114,1.900000,0.813266,0.636148,0.433685,0.764582,0.463063,0.553956
115,1.916667,0.808936,0.641089,0.429646,0.779072,0.478104,0.532806
116,1.933333,0.804241,0.644734,0.425187,0.791879,0.492725,0.512542
117,1.950000,0.799169,0.646957,0.420272,0.802828,0.506847,0.493316
118,1.966667,0.793708,0.647636,0.414862,0.811743,0.520392,0.475284
119,1.983333,0.787845,0.646647,0.408922,0.818446,0.533279,0.458598
120,2.000000,0.781567,0.643865,0.402414,0.822762,0.545429,0.443414
121,2.016667,0.774384,0.638933,0.395113,0.824852,0.557734,0.428568
122,2.033333,0.765886,0.631696,0.386868,0.825078,0.571062,0.412868
123,2.050000,0.756185,0.622335,0.377759,0.823556,0.585295,0.396420
124,2.066667,0.745394,0.611031,0.367864,0.820405,0.600318,0.379333
125,2.083333,0.733625,0.597963,0.357262,0.815744,0.616015,0.361715
126,2.100000,0.720990,0.583314,0.346030,0.809691,0.632270,0.343673
127,2.116667,0.707603,0.567264,0.334248,0.802364,0.648966,0.325315
128,2.133333,0.693575,0.549994,0.321995,0.793882,0.665988,0.306749
129,2.150000,0.679019,0.531684,0.309348,0.784363,0.683219,0.288082
130,2.166667,0.664047,0.512515,0.296387,0.773926,0.700544,0.269423
131,2.183333,0.648772,0.492669,0.283190,0.762688,0.717846,0.250880
132,2.200000,0.633306,0.472325,0.269836,0.750769,0.735009,0.232559
133,2.216667,0.617762,0.451665,0.256403,0.738286,0.751918,0.214570
134,2.233333,0.602251,0.430870,0.242970,0.725358,0.768455,0.197019
135,2.250000,0.586888,0.410120,0.229615,0.712103,0.784506,0.180014
136,2.266667,0.571783,0.389596,0.216417,0.698641,0.799953,0.163664
137,2.283333,0.557049,0.369479,0.203455,0.685088,0.814681,0.148076
138,2.300000,0.542800,0.349949,0.190807,0.671564,0.828574,0.133357
139,2.316667,0.529146,0.331188,0.178551,0.658186,0.841516,0.119617
140,2.333333,0.516201,0.313376,0.166767,0.645074,0.853390,0.106961
141,2.350000,0.504077,0.296694,0.155533,0.632346,0.864081,0.095499
142,2.366667,0.492887,0.281323,0.144927,0.620120,0.873472,0.085338
143,2.383333,0.482742,0.267443,0.135028,0.608513,0.881448,0.076585
144,2.400000,0.473756,0.255237,0.125915,0.597646,0.887892,0.069349
145,2.416667,0.466040,0.244883,0.117666,0.587636,0.892688,0.063737
146,2.433333,0.459708,0.236563,0.110360,0.578601,0.895721,0.059858
147,2.450000,0.454871,0.230458,0.104076,0.570660,0.896873,0.057818
148,2.466667,0.451643,0.226748,0.098891,0.563932,0.896029,0.057727
149,2.483333,0.450135,0.225615,0.094885,0.558534,0.893074,0.059690
150,2.500000,0.450460,0.227239,0.092136,0.554585,0.887890,0.063817
151,2.516667,0.452849,0.231989,0.090794,0.551636,0.879851,0.070535
152,2.533333,0.457365,0.239960,0.090890,0.549155,0.868560,0.080080
153,2.550000,0.463861,0.250919,0.092325,0.547131,0.854247,0.092269
154,2.566667,0.472193,0.264635,0.095002,0.545556,0.837142,0.106922
155,2.583333,0.482215,0.280874,0.098820,0.544419,0.817475,0.123856
156,2.600000,0.493783,0.299404,0.103682,0.543713,0.795476,0.142891
157,2.616667,0.506752,0.319993,0.109489,0.543427,0.771373,0.163846
158,2.633333,0.520978,0.342410,0.116142,0.543553,0.745398,0.186537
159,2.650000,0.536313,0.366421,0.123542,0.544081,0.717780,0.210785
160,2.666667,0.552615,0.391794,0.131591,0.545001,0.688748,0.236408
161,2.683333,0.569738,0.418297,0.140189,0.546306,0.658533,0.263223
162,2.700000,0.587537,0.445698,0.149239,0.547984,0.627364,0.291050
163,2.716667,0.605868,0.473765,0.158641,0.550028,0.595472,0.319708
164,2.733333,0.624584,0.502264,0.168297,0.552428,0.563085,0.349014
165,2.750000,0.643542,0.530965,0.178108,0.555174,0.530435,0.378788
166,2.766667,0.662596,0.559634,0.187975,0.558258,0.497749,0.408848
167,2.783333,0.681601,0.588039,0.197800,0.561669,0.465259,0.439012
168,2.800000,0.700413,0.615949,0.207484,0.565400,0.433195,0.469099
169,2.816667,0.718886,0.643130,0.216928,0.569440,0.401785,0.498928
170,2.833333,0.736875,0.669351,0.226034,0.573780,0.371260,0.528316
171,2.850000,0.754237,0.694379,0.234703,0.578411,0.341850,0.557083
172,2.866667,0.770825,0.717982,0.242835,0.583324,0.313784,0.585048
173,2.883333,0.786494,0.739928,0.250333,0.588510,0.287291,0.612029
174,2.900000,0.801100,0.759984,0.257098,0.593959,0.262604,0.637843
175,2.916667,0.814498,0.777918,0.263031,0.599662,0.239949,0.662310
176,2.933333,0.826543,0.793498,0.268033,0.605610,0.219559,0.685249
177,2.950000,0.837090,0.806492,0.272006,0.611794,0.201662,0.706477
178,2.966667,0.845993,0.816667,0.274850,0.618203,0.186488,0.725814
179,2.983333,0.853109,0.823791,0.276468,0.624830,0.174267,0.743078
180,3.000000,0.858291,0.827631,0.276760,0.631664,0.165229,0.758088
181,3.016667,0.861768,0.828098,0.275442,0.639485,0.159150,0.771600
182,3.033333,0.863916,0.825402,0.272394,0.648973,0.155550,0.784493
183,3.050000,0.864813,0.819761,0.267757,0.659977,0.154279,0.796767
184,3.066667,0.864536,0.811395,0.261677,0.672342,0.155184,0.808420
185,3.083333,0.863164,0.800523,0.254297,0.685917,0.158114,0.819455
186,3.100000,0.860773,0.787363,0.245760,0.700547,0.162917,0.829868
187,3.116667,0.857443,0.772134,0.236211,0.716081,0.169441,0.839662
188,3.133333,0.853251,0.755056,0.225794,0.732365,0.177536,0.848835
189,3.150000,0.848275,0.736347,0.214651,0.749246,0.187048,0.857387
190,3.166667,0.842592,0.716227,0.202928,0.766571,0.197826,0.865318
191,3.183333,0.836281,0.694914,0.190768,0.784187,0.209719,0.872627
192,3.200000,0.829419,0.672627,0.178314,0.801942,0.222575,0.879315
193,3.216667,0.822085,0.649585,0.165710,0.819681,0.236242,0.885381
194,3.233333,0.814356,0.626007,0.153101,0.837252,0.250569,0.890825
195,3.250000,0.806309,0.602112,0.140630,0.854502,0.265403,0.895646
196,3.266667,0.798024,0.578119,0.128441,0.871279,0.280594,0.899845
197,3.283333,0.789577,0.554247,0.116677,0.887428,0.295988,0.903421
198,3.300000,0.781047,0.530715,0.105483,0.902797,0.311436,0.906374
199,3.316667,0.772512,0.507741,0.095002,0.917234,0.326784,0.908704
200,3.333333,0.764048,0.485545,0.085379,0.930584,0.341881,0.910410
201,3.350000,0.755735,0.464346,0.076756,0.942696,0.356576,0.911492
202,3.366667,0.747650,0.444362,0.069278,0.953415,0.370717,0.911951
203,3.383333,0.739871,0.425813,0.063088,0.962590,0.384152,0.911784
204,3.400000,0.732476,0.408917,0.058331,0.970066,0.396729,0.910994
205,3.416667,0.725542,0.393894,0.055150,0.975691,0.408297,0.909578
206,3.433333,0.719148,0.380962,0.053689,0.979313,0.418704,0.907538
207,3.450000,0.713371,0.370340,0.054091,0.980777,0.427798,0.904872
208,3.466667,0.708289,0.362248,0.056502,0.979931,0.435428,0.901581
209,3.483333,0.703981,0.356903,0.061063,0.976623,0.441442,0.897664
210,3.500000,0.700523,0.354526,0.067920,0.970698,0.445687,0.893121
211,3.516667,0.697749,0.355307,0.077443,0.961801,0.448355,0.887306
212,3.533333,0.695418,0.359141,0.089772,0.949814,0.449797,0.879664
213,3.550000,0.693497,0.365798,0.104709,0.934943,0.450104,0.870327
214,3.566667,0.691954,0.375050,0.122050,0.917393,0.449369,0.859430
215,3.583333,0.690757,0.386669,0.141597,0.897371,0.447682,0.847106
216,3.600000,0.689872,0.400427,0.163148,0.875081,0.445135,0.833489
217,3.616667,0.689267,0.416095,0.186503,0.850730,0.441819,0.818714
218,3.633333,0.688911,0.433444,0.211461,0.824522,0.437826,0.802913
219,3.650000,0.688769,0.452247,0.237821,0.796665,0.433248,0.786220
220,3.666667,0.688810,0.472275,0.265383,0.767362,0.428176,0.768771
221,3.683333,0.689002,0.493300,0.293945,0.736821,0.422702,0.750697
222,3.700000,0.689311,0.515093,0.323308,0.705247,0.416916,0.732133
223,3.716667,0.689705,0.537425,0.353270,0.672845,0.410911,0.713213
224,3.733333,0.690152,0.560070,0.383631,0.639820,0.404778,0.694071
225,3.750000,0.690618,0.582797,0.414190,0.606380,0.398609,0.674840
226,3.766667,0.691073,0.605379,0.444747,0.572728,0.392494,0.655654
227,3.783333,0.691482,0.627587,0.475101,0.539072,0.386526,0.636648
228,3.800000,0.691814,0.649194,0.505051,0.505616,0.380796,0.617953
229,3.816667,0.692036,0.669970,0.534396,0.472566,0.375396,0.599706
230,3.833333,0.692116,0.689687,0.562936,0.440128,0.370416,0.582039
231,3.850000,0.692020,0.708117,0.590470,0.408507,0.365949,0.565086
232,3.866667,0.691717,0.725031,0.616797,0.377910,0.362086,0.548981
233,3.883333,0.691174,0.740202,0.641718,0.348541,0.358918,0.533857
234,3.900000,0.690359,0.753401,0.665030,0.320607,0.356538,0.519849
235,3.916667,0.689238,0.764398,0.686534,0.294312,0.355036,0.507091
236,3.933333,0.687779,0.772967,0.706028,0.269864,0.354504,0.495715
237,3.950000,0.685951,0.778878,0.723313,0.247466,0.355033,0.485857
238,3.966667,0.683720,0.781904,0.738186,0.227326,0.356716,0.477649
239,3.983333,0.681053,0.781815,0.750449,0.209648,0.359643,0.471226
240,4.000000,0.677919,0.778383,0.759899,0.194639,0.363906,0.466721
241,4.016667,0.674043,0.771168,0.766870,0.181377,0.369754,0.464230
242,4.033333,0.669230,0.760072,0.771896,0.168816,0.377287,0.463670
243,4.050000,0.663564,0.745382,0.775081,0.156966,0.386376,0.464904
244,4.066667,0.657130,0.727388,0.776531,0.145843,0.396890,0.467799
245,4.083333,0.650013,0.706378,0.776348,0.135459,0.408699,0.472219
246,4.100000,0.642297,0.682639,0.774639,0.125826,0.421672,0.478029
247,4.116667,0.634067,0.656460,0.771506,0.116959,0.435679,0.485093
248,4.133333,0.625409,0.628130,0.767055,0.108870,0.450589,0.493277
249,4.150000,0.616405,0.597935,0.761388,0.101572,0.466273,0.502446
250,4.166667,0.607143,0.566166,0.754612,0.095078,0.482599,0.512463
251,4.183333,0.597705,0.533109,0.746830,0.089402,0.499439,0.523195
252,4.200000,0.588176,0.499054,0.738146,0.084557,0.516659,0.534506
253,4.216667,0.578642,0.464287,0.728665,0.080555,0.534133,0.546261
254,4.233333,0.569188,0.429098,0.718492,0.077409,0.551727,0.558324
255,4.250000,0.559897,0.393775,0.707729,0.075134,0.569312,0.570561
256,4.266667,0.550854,0.358605,0.696481,0.073742,0.586759,0.582837
257,4.283333,0.542145,0.323879,0.684854,0.073245,0.603935,0.595016
258,4.300000,0.533853,0.289881,0.672951,0.073658,0.620712,0.606963
259,4.316667,0.526065,0.256904,0.660877,0.074993,0.636958,0.618542
260,4.333333,0.518863,0.225232,0.648735,0.077263,0.652543,0.629620
261,4.350000,0.512334,0.195157,0.636631,0.080482,0.667337,0.640060
262,4.366667,0.506562,0.166963,0.624667,0.084662,0.681210,0.649729
263,4.383333,0.501631,0.140942,0.612950,0.089817,0.694031,0.658489
264,4.400000,0.497626,0.117380,0.601583,0.095960,0.705670,0.666207
265,4.416667,0.494632,0.096567,0.590670,0.103103,0.715996,0.672747
266,4.433333,0.492734,0.078789,0.580315,0.111260,0.724879,0.677974
267,4.450000,0.492016,0.064336,0.570624,0.120444,0.732189,0.681753
268,4.466667,0.492563,0.053495,0.561699,0.130668,0.737795,0.683948
269,4.483333,0.494460,0.046555,0.553647,0.141946,0.741568,0.684425
270,4.500000,0.497792,0.043804,0.546569,0.154289,0.743376,0.683049
271,4.516667,0.502766,0.045389,0.540111,0.168808,0.742995,0.679955
272,4.533333,0.509460,0.051081,0.533833,0.186438,0.740394,0.675430
273,4.550000,0.517756,0.060599,0.527721,0.206942,0.735731,0.669561
274,4.566667,0.527538,0.073665,0.521757,0.230078,0.729165,0.662438
275,4.583333,0.538690,0.090000,0.515926,0.255606,0.720856,0.654147
276,4.600000,0.551095,0.109325,0.510212,0.283284,0.710961,0.644778
277,4.616667,0.564638,0.131361,0.504599,0.312873,0.699639,0.634418
278,4.633333,0.579201,0.155829,0.499072,0.344132,0.687051,0.623156
279,4.650000,0.594669,0.182450,0.493613,0.376820,0.673353,0.611080
280,4.666667,0.610926,0.210945,0.488207,0.410697,0.658706,0.598279
281,4.683333,0.627855,0.241035,0.482839,0.445523,0.643267,0.584841
282,4.700000,0.645339,0.272441,0.477492,0.481057,0.627196,0.570854
283,4.716667,0.663263,0.304884,0.472149,0.517058,0.610652,0.556405
284,4.733333,0.681509,0.338085,0.466797,0.553285,0.593793,0.541585
285,4.750000,0.699964,0.371766,0.461417,0.589500,0.576778,0.526480
286,4.766667,0.718509,0.405647,0.455994,0.625460,0.559766,0.511179
287,4.783333,0.737027,0.439448,0.450513,0.660925,0.542916,0.495770
288,4.800000,0.755404,0.472892,0.444957,0.695655,0.526387,0.480342
289,4.816667,0.773523,0.505699,0.439310,0.729409,0.510337,0.464984
290,4.833333,0.791268,0.537591,0.433557,0.761947,0.494925,0.449782
291,4.850000,0.808521,0.568287,0.427681,0.793027,0.480310,0.434825
292,4.866667,0.825167,0.597510,0.421666,0.822411,0.466651,0.420202
293,4.883333,0.841090,0.624980,0.415497,0.849856,0.454107,0.406002
294,4.900000,0.856173,0.650419,0.409157,0.875124,0.442837,0.392311
295,4.916667,0.870301,0.673546,0.402631,0.897972,0.432998,0.379219
296,4.933333,0.883356,0.694085,0.395902,0.918161,0.424751,0.366814
297,4.950000,0.895222,0.711754,0.388955,0.935449,0.418254,0.355184
298,4.966667,0.905784,0.726277,0.381773,0.949597,0.413666,0.344416
299,4.983333,0.914925,0.737372,0.374341,0.960364,0.411145,0.334601
300,5.000000,0.922528,0.744762,0.366643,0.967510,0.410850,0.325825
301,5.016667,0.929070,0.748960,0.358201,0.971061,0.412963,0.317747
302,5.033333,0.935104,0.750754,0.348627,0.971340,0.417439,0.309961
303,5.050000,0.940634,0.750278,0.338031,0.968548,0.424107,0.302463
304,5.066667,0.945660,0.747667,0.326526,0.962888,0.432791,0.295246
305,5.083333,0.950185,0.743056,0.314225,0.954561,0.443317,0.288306
306,5.100000,0.954210,0.736578,0.301240,0.943769,0.455510,0.281638
307,5.116667,0.957737,0.728368,0.287682,0.930712,0.469198,0.275236
308,5.133333,0.960767,0.718561,0.273666,0.915594,0.484206,0.269096
309,5.150000,0.963304,0.707289,0.259301,0.898616,0.500359,0.263211
310,5.166667,0.965347,0.694689,0.244703,0.879979,0.517482,0.257577
311,5.183333,0.966900,0.680894,0.229981,0.859885,0.535404,0.252188
312,5.200000,0.967964,0.666039,0.215249,0.838536,0.553947,0.247039
313,5.216667,0.968541,0.650258,0.200619,0.816133,0.572940,0.242125
314,5.233333,0.968632,0.633685,0.186203,0.792879,0.592207,0.237441
315,5.250000,0.968240,0.616454,0.172114,0.768975,0.611575,0.232982
316,5.266667,0.967366,0.598701,0.158464,0.744622,0.630869,0.228742
317,5.283333,0.966011,0.580559,0.145365,0.720023,0.649914,0.224716
318,5.300000,0.964179,0.562162,0.132929,0.695378,0.668538,0.220898
319,5.316667,0.961870,0.543646,0.121270,0.670891,0.686564,0.217284
320,5.333333,0.959086,0.525143,0.110499,0.646761,0.703821,0.213869
321,5.350000,0.955830,0.506790,0.100728,0.623193,0.720132,0.210646
322,5.366667,0.952102,0.488719,0.092070,0.600385,0.735325,0.207612
323,5.383333,0.947905,0.471065,0.084637,0.578542,0.749224,0.204760
324,5.400000,0.943240,0.453963,0.078541,0.557863,0.761657,0.202085
325,5.416667,0.938110,0.437548,0.073895,0.538551,0.772447,0.199583
326,5.433333,0.932516,0.421952,0.070812,0.520808,0.781422,0.197248
327,5.450000,0.926460,0.407311,0.069402,0.504836,0.788406,0.195074
328,5.466667,0.919943,0.393759,0.069779,0.490835,0.793227,0.193057
329,5.483333,0.912968,0.381431,0.072056,0.479008,0.795710,0.191191
330,5.500000,0.905536,0.370460,0.076343,0.469556,0.795680,0.189471
331,5.516667,0.897119,0.359939,0.082849,0.461934,0.793248,0.187707
332,5.533333,0.887259,0.348921,0.091612,0.455421,0.788724,0.185742
333,5.550000,0.876064,0.337476,0.102493,0.449956,0.782237,0.183619
334,5.566667,0.863643,0.325678,0.115351,0.445478,0.773914,0.181382
335,5.583333,0.850101,0.313596,0.130048,0.441925,0.763882,0.179076
336,5.600000,0.835549,0.301304,0.146443,0.439238,0.752268,0.176743
337,5.616667,0.820092,0.288873,0.164398,0.437355,0.739199,0.174428
338,5.633333,0.803840,0.276376,0.183772,0.436215,0.724804,0.172175
339,5.650000,0.786898,0.263883,0.204426,0.435757,0.709210,0.170027
340,5.666667,0.769376,0.251467,0.226219,0.435920,0.692543,0.168028
341,5.683333,0.751381,0.239200,0.249014,0.436643,0.674931,0.166222
342,5.700000,0.733022,0.227153,0.272668,0.437866,0.656502,0.164654
343,5.716667,0.714404,0.215398,0.297045,0.439526,0.637383,0.163366
344,5.733333,0.695638,0.204008,0.322003,0.441564,0.617702,0.162402
345,5.750000,0.676829,0.193053,0.347403,0.443918,0.597584,0.161808
346,5.766667,0.658085,0.182607,0.373105,0.446527,0.577159,0.161625
347,5.783333,0.639516,0.172740,0.398970,0.449330,0.556553,0.161899
348,5.800000,0.621228,0.163525,0.424858,0.452267,0.535894,0.162672
349,5.816667,0.603330,0.155033,0.450629,0.455276,0.515310,0.163990
350,5.833333,0.585927,0.147337,0.476144,0.458296,0.494926,0.165895
351,5.850000,0.569130,0.140508,0.501262,0.461267,0.474872,0.168431
352,5.866667,0.553045,0.134617,0.525846,0.464126,0.455274,0.171643
353,5.883333,0.537780,0.129738,0.549754,0.466815,0.436259,0.175574
354,5.900000,0.523443,0.125941,0.572848,0.469270,0.417956,0.180268
355,5.916667,0.510142,0.123299,0.594987,0.471432,0.400490,0.185769
356,5.933333,0.497984,0.121883,0.616032,0.473240,0.383991,0.192120
357,5.950000,0.487077,0.121766,0.635843,0.474632,0.368584,0.199366
358,5.966667,0.477529,0.123019,0.654281,0.475547,0.354398,0.207550
359,5.983333,0.469448,0.125713,0.671206,0.475925,0.341560,0.216717
360,6.000000,0.462941,0.129921,0.686478,0.475705,0.330196,0.226909
361,6.016667,0.457871,0.136037,0.701078,0.475162,0.319519,0.238576
362,6.033333,0.453986,0.144310,0.716021,0.474612,0.308691,0.252049
363,6.050000,0.451221,0.154596,0.731228,0.474048,0.297763,0.267197
364,6.066667,0.449513,0.166752,0.746614,0.473467,0.286791,0.283890
365,6.083333,0.448797,0.180636,0.762098,0.472864,0.275827,0.301998
366,6.100000,0.449007,0.196103,0.777598,0.472235,0.264926,0.321389
367,6.116667,0.450080,0.213011,0.793031,0.471574,0.254139,0.341934
368,6.133333,0.451951,0.231216,0.808315,0.470878,0.243521,0.363502
369,6.150000,0.454556,0.250575,0.823368,0.470141,0.233125,0.385963
370,6.166667,0.457830,0.270944,0.838107,0.469359,0.223004,0.409185
371,6.183333,0.461709,0.292181,0.852450,0.468527,0.213212,0.433039
372,6.200000,0.466127,0.314140,0.866315,0.467641,0.203803,0.457394
373,6.216667,0.471022,0.336681,0.879620,0.466697,0.194829,0.482120
374,6.233333,0.476327,0.359659,0.892281,0.465688,0.186345,0.507085
375,6.250000,0.481979,0.382931,0.904218,0.464612,0.178402,0.532160
376,6.266667,0.487913,0.406354,0.915348,0.463463,0.171056,0.557214
377,6.283333,0.494065,0.429783,0.925587,0.462236,0.164359,0.582116
378,6.300000,0.500370,0.453076,0.934855,0.460928,0.158365,0.606736
379,6.316667,0.506764,0.476090,0.943069,0.459532,0.153127,0.630944
380,6.333333,0.513182,0.498682,0.950146,0.458046,0.148698,0.654609
381,6.350000,0.519559,0.520707,0.956004,0.456464,0.145133,0.677600
382,6.366667,0.525832,0.542023,0.960561,0.454781,0.142483,0.699787
383,6.383333,0.531935,0.562486,0.963735,0.452994,0.140804,0.721039
384,6.400000,0.537804,0.581953,0.965444,0.451097,0.140148,0.741227
385,6.416667,0.543376,0.600281,0.965604,0.449085,0.140568,0.760219
386,6.433333,0.548584,0.617326,0.964134,0.446955,0.142118,0.777885
387,6.450000,0.553365,0.632945,0.960952,0.444701,0.144852,0.794094
388,6.466667,0.557655,0.646995,0.955974,0.442319,0.148823,0.808717
389,6.483333,0.561388,0.659332,0.949120,0.439804,0.154084,0.821621
390,6.500000,0.564500,0.669814,0.940306,0.437152,0.160688,0.832678
391,6.516667,0.567380,0.678723,0.928434,0.434228,0.169087,0.842397
392,6.533333,0.570444,0.686483,0.912659,0.430922,0.179602,0.851379
393,6.550000,0.573665,0.693158,0.893279,0.427266,0.192095,0.859633
394,6.566667,0.577021,0.698813,0.870592,0.423292,0.206425,0.867164
395,6.583333,0.580485,0.703514,0.844897,0.419031,0.222455,0.873979
396,6.600000,0.584033,0.707324,0.816492,0.414515,0.240043,0.880087
397,6.616667,0.587640,0.710308,0.785674,0.409777,0.259052,0.885493
398,6.633333,0.591281,0.712532,0.752744,0.404847,0.279342,0.890204
399,6.650000,0.594931,0.714061,0.717997,0.399758,0.300773,0.894228
400,6.666667,0.598566,0.714958,0.681734,0.394541,0.323206,0.897572
401,6.683333,0.602160,0.715290,0.644252,0.389228,0.346503,0.900241
402,6.700000,0.605690,0.715120,0.605850,0.383851,0.370522,0.902245
403,6.716667,0.609129,0.714514,0.566825,0.378443,0.395127,0.903589
404,6.733333,0.612454,0.713536,0.527476,0.373033,0.420176,0.904280
405,6.750000,0.615639,0.712252,0.488101,0.367655,0.445532,0.904325
406,6.766667,0.618659,0.710725,0.448999,0.362340,0.471054,0.903732
407,6.783333,0.621490,0.709022,0.410469,0.357120,0.496602,0.902507
408,6.800000,0.624107,0.707206,0.372806,0.352027,0.522040,0.900657
409,6.816667,0.626485,0.705343,0.336312,0.347093,0.547225,0.898189
410,6.833333,0.628599,0.703498,0.301283,0.342348,0.572020,0.895111
411,6.850000,0.630424,0.701735,0.268019,0.337826,0.596285,0.891428
412,6.866667,0.631936,0.700118,0.236816,0.333558,0.619882,0.887149
413,6.883333,0.633110,0.698714,0.207974,0.329575,0.642669,0.882280
414,6.900000,0.633920,0.697587,0.181790,0.325910,0.664509,0.876827
415,6.916667,0.634342,0.696801,0.158564,0.322594,0.685261,0.870799
416,6.933333,0.634352,0.696422,0.138592,0.319659,0.704788,0.864201
417,6.950000,0.633924,0.696513,0.122175,0.317137,0.722948,0.857042
418,6.966667,0.633033,0.697141,0.109609,0.315060,0.739604,0.849327
419,6.983333,0.631655,0.698370,0.101194,0.313459,0.754616,0.841064
420,7.000000,0.629764,0.700265,0.097227,0.312367,0.767844,0.832260
421,7.016667,0.627326,0.702717,0.097827,0.311930,0.779718,0.822349
422,7.033333,0.624341,0.705552,0.102729,0.312239,0.790781,0.810835
423,7.050000,0.620837,0.708737,0.111650,0.313235,0.801064,0.797829
424,7.066667,0.616843,0.712237,0.124308,0.314859,0.810597,0.783442
425,7.083333,0.612388,0.716021,0.140421,0.317054,0.819414,0.767786
426,7.100000,0.607500,0.720054,0.159707,0.319761,0.827545,0.750970
427,7.116667,0.602209,0.724303,0.181885,0.322923,0.835020,0.733106
428,7.133333,0.596543,0.728735,0.206672,0.326481,0.841872,0.714306
429,7.150000,0.590531,0.733316,0.233788,0.330377,0.848131,0.694680
430,7.166667,0.584202,0.738012,0.262948,0.334554,0.853829,0.674339
431,7.183333,0.577583,0.742791,0.293874,0.338952,0.858998,0.653393
432,7.200000,0.570705,0.747618,0.326280,0.343515,0.863668,0.631956
433,7.216667,0.563596,0.752461,0.359888,0.348184,0.867870,0.610135
434,7.233333,0.556284,0.757286,0.394413,0.352900,0.871636,0.588045
435,7.250000,0.548798,0.762060,0.429575,0.357606,0.874997,0.565794
436,7.266667,0.541167,0.766748,0.465092,0.362244,0.877985,0.543494
437,7.283333,0.533421,0.771319,0.500680,0.366756,0.880630,0.521257
438,7.300000,0.525587,0.775738,0.536061,0.371083,0.882965,0.499192
439,7.316667,0.517694,0.779971,0.570949,0.375167,0.885019,0.477412
440,7.333333,0.509771,0.783986,0.605065,0.378951,0.886825,0.456027
441,7.350000,0.501847,0.787750,0.638125,0.382377,0.888413,0.435148
442,7.366667,0.493950,0.791227,0.669849,0.385385,0.889816,0.414886
443,7.383333,0.486110,0.794386,0.699954,0.387919,0.891063,0.395353
444,7.400000,0.478354,0.797193,0.728160,0.389919,0.892187,0.376658
445,7.416667,0.470713,0.799614,0.754182,0.391329,0.893219,0.358914
446,7.433333,0.463213,0.801616,0.777740,0.392089,0.894190,0.342230
447,7.450000,0.455886,0.803165,0.798552,0.392143,0.895131,0.326719
448,7.466667,0.448758,0.804229,0.816336,0.391431,0.896073,0.312491
449,7.483333,0.441858,0.804773,0.830810,0.389895,0.897048,0.299657
450,7.500000,0.435217,0.804764,0.841692,0.387478,0.898088,0.288328
451,7.516667,0.428303,0.804517,0.849451,0.383768,0.898949,0.277989
452,7.533333,0.420627,0.804344,0.854840,0.378481,0.899383,0.268059
453,7.550000,0.412271,0.804209,0.858007,0.371754,0.899416,0.258548
454,7.566667,0.403322,0.804076,0.859096,0.363720,0.899068,0.249467
455,7.583333,0.393863,0.803908,0.858254,0.354516,0.898365,0.240826
456,7.600000,0.383980,0.803670,0.855627,0.344276,0.897328,0.232638
457,7.616667,0.373757,0.803324,0.851361,0.333137,0.895981,0.224912
458,7.633333,0.363278,0.802835,0.845602,0.321233,0.894347,0.217659
459,7.650000,0.352629,0.802166,0.838496,0.308700,0.892450,0.210891
460,7.666667,0.341894,0.801282,0.830189,0.295673,0.890312,0.204618
461,7.683333,0.331158,0.800146,0.820826,0.282287,0.887957,0.198852
462,7.700000,0.320505,0.798722,0.810556,0.268677,0.885407,0.193602
463,7.716667,0.310020,0.796973,0.799522,0.254980,0.882687,0.188880
464,7.733333,0.299789,0.794863,0.787872,0.241330,0.879819,0.184697
465,7.750000,0.289894,0.792357,0.775751,0.227862,0.876826,0.181063
466,7.766667,0.280422,0.789417,0.763305,0.214711,0.873731,0.177990
467,7.783333,0.271457,0.786009,0.750681,0.202015,0.870559,0.175489
468,7.800000,0.263083,0.782094,0.738024,0.189906,0.867331,0.173569
469,7.816667,0.255385,0.777638,0.725481,0.178522,0.864072,0.172243
470,7.833333,0.248448,0.772603,0.713197,0.167996,0.860803,0.171521
471,7.850000,0.242357,0.766955,0.701319,0.158465,0.857549,0.171413
472,7.866667,0.237196,0.760656,0.689992,0.150063,0.854333,0.171932
473,7.883333,0.233050,0.753670,0.679363,0.142926,0.851178,0.173086
474,7.900000,0.230003,0.745961,0.669577,0.137190,0.848106,0.174889
475,7.916667,0.228141,0.737493,0.660782,0.132989,0.845141,0.177349
476,7.933333,0.227548,0.728229,0.653122,0.130458,0.842307,0.180479
477,7.950000,0.228308,0.718134,0.646744,0.129734,0.839627,0.184289
478,7.966667,0.230507,0.707171,0.641794,0.130952,0.837122,0.188790
479,7.983333,0.234228,0.695303,0.638418,0.134246,0.834818,0.193993
480,8.000000,0.239558,0.682495,0.636762,0.139752,0.832737,0.199908
481,8.016667,0.247033,0.667864,0.636778,0.147738,0.830881,0.207148
482,8.033333,0.257014,0.650692,0.638245,0.158268,0.829226,0.216228
483,8.050000,0.269316,0.631195,0.641046,0.171167,0.827749,0.227010
484,8.066667,0.283753,0.609585,0.645065,0.186264,0.826432,0.239360
485,8.083333,0.300143,0.586078,0.650187,0.203388,0.825252,0.253140
486,8.100000,0.318301,0.560885,0.656294,0.222368,0.824189,0.268216
487,8.116667,0.338042,0.534223,0.663271,0.243029,0.823223,0.284450
488,8.133333,0.359181,0.506305,0.671003,0.265200,0.822334,0.301707
489,8.150000,0.381534,0.477344,0.679371,0.288710,0.821500,0.319851
490,8.166667,0.404919,0.447554,0.688262,0.313387,0.820701,0.338747
491,8.183333,0.429148,0.417151,0.697558,0.339057,0.819917,0.358257
492,8.200000,0.454038,0.386348,0.707144,0.365550,0.819126,0.378245
493,8.216667,0.479405,0.355358,0.716903,0.392693,0.818308,0.398576
494,8.233333,0.505066,0.324395,0.726719,0.420315,0.817444,0.419115
495,8.250000,0.530833,0.293674,0.736477,0.448243,0.816511,0.439724
496,8.266667,0.556524,0.263410,0.746059,0.476304,0.815490,0.460268
497,8.283333,0.581955,0.233813,0.755351,0.504330,0.814359,0.480611
498,8.300000,0.606939,0.205101,0.764236,0.532143,0.813099,0.500616
499,8.316667,0.631294,0.177487,0.772597,0.559575,0.811689,0.520147
500,8.333333,0.654835,0.151185,0.780319,0.586453,0.810107,0.539069
501,8.350000,0.677378,0.126406,0.787286,0.612607,0.808334,0.557247
502,8.366667,0.698737,0.103368,0.793381,0.637861,0.806350,0.574542
503,8.383333,0.718729,0.082284,0.798489,0.662045,0.804132,0.590820
504,8.400000,0.737170,0.063367,0.802494,0.684987,0.801661,0.605944
505,8.416667,0.753875,0.046831,0.805278,0.706516,0.798916,0.619780
506,8.433333,0.768658,0.032890,0.806727,0.726458,0.795877,0.632189
507,8.450000,0.781337,0.021760,0.806724,0.744641,0.792523,0.643037
508,8.466667,0.791726,0.013652,0.805153,0.760895,0.788833,0.652187
509,8.483333,0.799642,0.008781,0.801898,0.775047,0.784787,0.659504
510,8.500000,0.804899,0.007362,0.796843,0.786924,0.780364,0.664851
511,8.516667,0.807587,0.009688,0.789956,0.797234,0.775604,0.668509
512,8.533333,0.808010,0.015747,0.781353,0.806800,0.770565,0.670889
513,8.550000,0.806309,0.025293,0.771143,0.815623,0.765257,0.672051
514,8.566667,0.802625,0.038081,0.759431,0.823705,0.759690,0.672053
515,8.583333,0.797098,0.053866,0.746324,0.831049,0.753874,0.670955
516,8.600000,0.789870,0.072403,0.731928,0.837657,0.747818,0.668815
517,8.616667,0.781080,0.093446,0.716350,0.843530,0.741532,0.665694
518,8.633333,0.770870,0.116750,0.699698,0.848671,0.735025,0.661649
519,8.650000,0.759380,0.142070,0.682077,0.853082,0.728308,0.656741
520,8.666667,0.746750,0.169162,0.663592,0.856766,0.721389,0.651028
521,8.683333,0.733123,0.197778,0.644354,0.859723,0.714280,0.644570
522,8.700000,0.718637,0.227675,0.624467,0.861956,0.706988,0.637426
523,8.716667,0.703434,0.258606,0.604038,0.863467,0.699524,0.629654
524,8.733333,0.687654,0.290329,0.583172,0.864259,0.691897,0.621315
525,8.750000,0.671440,0.322594,0.561978,0.864333,0.684118,0.612466
526,8.766667,0.654929,0.355159,0.540563,0.863692,0.676195,0.603169
527,8.783333,0.638264,0.387780,0.519030,0.862336,0.668139,0.593480
528,8.800000,0.621585,0.420208,0.497490,0.860270,0.659959,0.583460
529,8.816667,0.605034,0.452199,0.476048,0.857494,0.651664,0.573169
530,8.833333,0.588750,0.483509,0.454810,0.854011,0.643266,0.562664
531,8.850000,0.572873,0.513893,0.433881,0.849822,0.634771,0.552005
532,8.866667,0.557546,0.543104,0.413372,0.844930,0.626192,0.541252
533,8.883333,0.542908,0.570897,0.393386,0.839337,0.617537,0.530463
534,8.900000,0.529101,0.597028,0.374032,0.833045,0.608817,0.519698
535,8.916667,0.516264,0.621252,0.355414,0.826056,0.600039,0.509015
536,8.933333,0.504539,0.643321,0.337641,0.818372,0.591216,0.498475
537,8.950000,0.494066,0.662993,0.320819,0.809996,0.582355,0.488136
538,8.966667,0.484986,0.680021,0.305054,0.800928,0.573467,0.478057
539,8.983333,0.477439,0.694160,0.290452,0.791172,0.564561,0.468297
540,9.000000,0.471567,0.705165,0.277122,0.780729,0.555647,0.458916
541,9.016667,0.467034,0.713483,0.264308,0.768728,0.546145,0.449166
542,9.033333,0.463376,0.719804,0.251227,0.754414,0.535542,0.438328
543,9.050000,0.460543,0.724247,0.237945,0.737967,0.523952,0.426506
544,9.066667,0.458481,0.726930,0.224524,0.719566,0.511485,0.413805
545,9.083333,0.457138,0.727973,0.211030,0.699387,0.498252,0.400328
546,9.100000,0.456464,0.727494,0.197526,0.677610,0.484366,0.386178
547,9.116667,0.456405,0.725612,0.184077,0.654414,0.469939,0.371459
548,9.133333,0.456911,0.722447,0.170746,0.629977,0.455081,0.356276
549,9.150000,0.457928,0.718117,0.157598,0.604478,0.439905,0.340731
550,9.166667,0.459406,0.712741,0.144696,0.578093,0.424522,0.324928
551,9.183333,0.461292,0.706439,0.132106,0.551005,0.409045,0.308972
552,9.200000,0.463534,0.699328,0.119891,0.523390,0.393584,0.292966
553,9.216667,0.466080,0.691528,0.108115,0.495427,0.378252,0.277013
554,9.233333,0.468879,0.683158,0.096842,0.467293,0.363159,0.261217
555,9.250000,0.471878,0.674337,0.086136,0.439170,0.348419,0.245683
556,9.266667,0.475026,0.665184,0.076063,0.411233,0.334143,0.230513
557,9.283333,0.478270,0.655817,0.066685,0.383662,0.320440,0.215812
558,9.300000,0.481559,0.646355,0.058067,0.356636,0.307426,0.201683
559,9.316667,0.484841,0.636919,0.050273,0.330334,0.295210,0.188231
560,9.333333,0.488063,0.627625,0.043367,0.304933,0.283904,0.175558
561,9.350000,0.491175,0.618594,0.037413,0.280611,0.273620,0.163767
562,9.366667,0.494123,0.609944,0.032476,0.257550,0.264469,0.152965
563,9.383333,0.496856,0.601795,0.028619,0.235925,0.256565,0.143254
564,9.400000,0.499322,0.594264,0.025907,0.215917,0.250017,0.134737
565,9.416667,0.501470,0.587471,0.024403,0.197702,0.244937,0.127518
566,9.433333,0.503246,0.581536,0.024173,0.181461,0.241439,0.121701
567,9.450000,0.504600,0.576576,0.025279,0.167371,0.239632,0.117390
568,9.466667,0.505480,0.572711,0.027787,0.155612,0.239629,0.114689
569,9.483333,0.505832,0.570060,0.031760,0.146361,0.241542,0.113701
570,9.500000,0.505606,0.568741,0.037262,0.139797,0.245481,0.114530
571,9.516667,0.505122,0.568388,0.044861,0.135789,0.251959,0.117419
572,9.533333,0.504722,0.568536,0.054967,0.134001,0.261279,0.122449
573,9.550000,0.504383,0.569160,0.067406,0.134306,0.273238,0.129480
574,9.566667,0.504084,0.570231,0.082006,0.136578,0.287633,0.138373
575,9.583333,0.503804,0.571725,0.098594,0.140691,0.304262,0.148987
576,9.600000,0.503520,0.573613,0.116998,0.146517,0.322925,0.161183
577,9.616667,0.503212,0.575870,0.137045,0.153930,0.343418,0.174822
578,9.633333,0.502858,0.578469,0.158561,0.162803,0.365539,0.189763
579,9.650000,0.502435,0.581384,0.181376,0.173009,0.389086,0.205867
580,9.666667,0.501923,0.584588,0.205316,0.184423,0.413858,0.222995
581,9.683333,0.501300,0.588053,0.230208,0.196917,0.439651,0.241005
582,9.700000,0.500544,0.591755,0.255878,0.210364,0.466264,0.259759
583,9.716667,0.499633,0.595666,0.282156,0.224638,0.493495,0.279117
584,9.733333,0.498547,0.599759,0.308870,0.239614,0.521142,0.298941
585,9.750000,0.497263,0.604008,0.335844,0.255162,0.549002,0.319088
586,9.766667,0.495760,0.608387,0.362906,0.271157,0.576873,0.339419
587,9.783333,0.494017,0.612869,0.389887,0.287473,0.604555,0.359797
588,9.800000,0.492011,0.617427,0.416609,0.303982,0.631842,0.380080
589,9.816667,0.489721,0.622035,0.442902,0.320558,0.658534,0.400128
590,9.833333,0.487125,0.626665,0.468594,0.337075,0.684430,0.419802
591,9.850000,0.484202,0.631293,0.493512,0.353406,0.709327,0.438963
592,9.866667,0.480931,0.635891,0.517482,0.369423,0.733022,0.457470
593,9.883333,0.477289,0.640432,0.540332,0.385000,0.755313,0.475183
594,9.900000,0.473256,0.644889,0.561890,0.400012,0.775999,0.491964
595,9.916667,0.468808,0.649238,0.581984,0.414331,0.794878,0.507673
596,9.933333,0.463926,0.653450,0.600439,0.427829,0.811746,0.522169
597,9.950000,0.458587,0.657498,0.617084,0.440382,0.826403,0.535313
598,9.966667,0.452770,0.661358,0.631745,0.451862,0.838645,0.546965
599,9.983333,0.446452,0.665002,0.644252,0.462142,0.848272,0.556987
